A,B,C,D,E,F,G,H,I,J,K,L,M,N,O,P,Q,R,S,T,U,V,W,X,Y,Z
Ava,Brooklyn,Charlotte,Delilah,Emma,Faith,Gianna,Harper,Isabella,Josephine,Kinsley,Luna,Mia,Nora,Olivia,Penelope,Quinn,Riley,Sophia,Taylor,,Victoria,Willow,Ximena,Yaretzi,Zoey
Amelia,Bella,Camila,Daisy,Evelyn,Freya,Grace,Hazel,Isla,Jade,Kennedy,Layla,Mila,Nova,Olive,Paisley,Queen,Ruby,Sofia,Teagan,,Violet,Winter,Xiomara,Yara,Zoe
Abigail,Brielle,Chloe,Daniela,Ella,Finley,Genesis,Hannah,Ivy,Julia,Kaylee,Lily,Madison,Natalie,Oakley,Piper,,Rylee,Scarlett,Trinity,,Valentina,Willa,,Yareli,Zara
Avery,Brianna,Claire,Diana,Elizabeth,Fiona,Gabriella,Hailey,Isabelle,Josie,Kylie,Leah,Maya,Naomi,Oaklynn,Peyton,,Raelynn,Stella,Tessa,,Vivian,Wren,,Yasmin,Zuri
Aria,Blakely,Caroline,Dakota,Emily,Fatima,Genevieve,Hadley,Iris,Jasmine,Katherine,Lillian,Madelyn,Nevaeh,Octavia,Parker,,Rose,Skylar,Thea,,Valerie,Wynter,,Yamileth,Zariah
Aurora,Bailey,Cora,Delaney,Eleanor,Felicity,Georgia,Harmony,Isabel,Juniper,Khloe,Lucy,Madeline,Natalia,Ophelia,Presley,,Reagan,Savannah,Talia,,Valeria,Waverly,,,Zelda
Addison,Brynlee,Clara,Demi,Ellie,Frances,Gemma,Hope,Izabella,Juliette,Kehlani,Leilani,Melanie,Norah,Oaklyn,Payton,,Remi,Serenity,Tatum,,Vanessa,Winnie,,,Zahra
Aubrey,Blake,Charlie,Destiny,Emilia,Francesca,Gracie,Harley,Imani,June,Kimberly,Lydia,Melody,Noelle,Oaklee,Phoebe,,Reese,Sophie,Tiana,,Vera,Wrenley,,,Zaylee
Audrey,Brooke,Cecilia,Dahlia,Everly,Fernanda,Gracelynn,Hayden,Itzel,Juliana,Kamila,Liliana,Maria,Nyla,Opal,Paige,,Ryleigh,Sadie,Tinsley,,Vivienne,Whitney,,,Zariyah
Aaliyah,Brooklynn,Callie,Daleyza,Eliana,Frankie,Gracelyn,Haven,Ivanna,Jordyn,Kayla,Lyla,Mackenzie,Nicole,Oakleigh,Phoenix,,River,Sarah,Treasure,,Veronica,Whitley,,,Zaniyah
Anna,Briella,Catalina,Dream,Elena,Faye,Gabriela,Harlow,Ivory,Journee,Kali,Londyn,Mary,Nina,,Palmer,,Rosalie,Samantha,Teresa,,Viviana,,,,Zaria
Alice,Brynn,Camilla,Daniella,Emery,Florence,Gia,Haisley,Irene,Joanna,Kailani,Lucia,Margaret,Nylah,,Paislee,,Ruth,Summer,Tiffany,,Virginia,,,,Zora
Ariana,Blair,Camille,Daphne,Eva,Fallon,Giselle,Hallie,Indie,Jane,Kaia,London,Maeve,Nayeli,,Paris,,Rachel,Sienna,Thalia,,Vienna,,,,Zoya
Allison,Brinley,Catherine,Danielle,Everleigh,Frida,Gabrielle,Heidi,Itzayana,Jocelyn,Kiara,Leila,Molly,Noa,,Poppy,,Rebecca,Sloane,Theodora,,Vada,,,,Zola
Autumn,Bianca,Charlee,Danna,Eliza,Flora,Gwendolyn,Heaven,Isabela,Julianna,Kendall,Laila,Magnolia,Nadia,,Priscilla,,Raegan,Sara,Tori,,Violeta,,,,Zainab
Adeline,Braelynn,Cali,Dylan,Eden,Freyja,Gloria,Helen,Ila,Journey,Kaylani,Lila,Millie,Nia,,Penny,,Rowan,Sage,,,Valery,,,,Zoie
Athena,Bristol,Celeste,Dior,Elliana,,Giuliana,Hattie,Iliana,Jayla,Kenzie,Lilly,Morgan,Nola,,Pearl,,Rylie,Sawyer,,,Veda,,,,Zendaya
Arya,Beatrice,Collins,Dorothy,Eloise,,Galilea,Holly,Iyla,Juliet,Kira,Lauren,Marley,Novah,,Princess,,Reign,Selena,,,Violette,,,,Zhuri
Adalynn,Briar,Cataleya,Dayana,Esther,,Giovanna,Helena,,Joy,Kalani,Lilah,Margot,Nalani,,Persephone,,Remington,Sydney,,,,,,,
Alaia,Bethany,Camryn,Davina,Emerson,,Greta,Haley,,Jessica,Kate,Lola,Mya,Navy,,Paula,,Raelyn,Saylor,,,,,,,
Arianna,Bonnie,Cassidy,Dallas,Emersyn,,Gwen,Hanna,,Jennifer,Kinley,Lena,Malia,Nala,,Paulina,,Royalty,Sutton,,,,,,,
Ayla,Briana,Charli,Dulce,Ember,,Giana,Henley,,Jordan,Kayleigh,Lucille,Mckenna,Naya,,Promise,,Raven,Samara,,,,,,,
Alexandra,Blaire,Carmen,Dani,Elise,,Giavanna,Hadassah,,Jacqueline,Kensley,Lia,Mariana,Noemi,,Paisleigh,,Regina,Sabrina,,,,,,,
Adalyn,Braelyn,Carolina,Denisse,Elsie,,Guadalupe,Hayley,,Jolene,Kamryn,Leia,Myla,Novalee,,Paloma,,Rosemary,Stevie,,,,,,,
Amaya,Bridget,Celine,Denise,Elaina,,,Harmoni,,Jimena,Keira,Lennon,Mckenzie,Nellie,,Paola,,Ryan,Serena,,,,,,,
Amara,Baylee,Charleigh,Denver,Evangeline,,,Holland,,Jaliyah,Katie,Lilith,Miriam,Noah,,Paityn,,Rory,Selah,,,,,,,
Andrea,Brylee,Cameron,Deborah,Evie,,,Harlee,,Jada,Kaitlyn,Logan,Milani,Noor,,,,Rosie,Stephanie,,,,,,,
Ariella,Bria,Carter,Della,Evelynn,,,Hana,,Jazlyn,Kyla,Lilliana,Maggie,Nancy,,,,Remy,Scarlet,,,,,,,
Ashley,Bellamy,Colette,Dalary,Elle,,,Haylee,,Jenna,Kora,Laura,Mariah,Nathalie,,,,Renata,Shiloh,,,,,,,
Aubree,Berkley,Charley,Drew,Everlee,,,Hunter,,Jayleen,Kennedi,Lainey,Madilyn,Nataly,,,,Reina,Skyler,,,,,,,
Anastasia,Bexley,Cecelia,,Elianna,,,Hadlee,,Justice,Kelsey,Lexi,Makayla,Natasha,,,,Reyna,Skye,,,,,,,
Alina,Bailee,Cheyenne,,Esmeralda,,,Halle,,Jemma,Kylee,Lana,Michelle,Nyomi,,,,Rhea,Sarai,,,,,,,
Ada,Belen,Clementine,,Esme,,,Halo,,Julie,Kathryn,Leighton,Makenzie,Nathalia,,,,Rosa,Shelby,,,,,,,
Aliyah,Brynleigh,Carly,,Emory,,,Hadleigh,,Julieta,Kendra,Luciana,Melissa,,,,,Romina,Sylvia,,,,,,,
Alaina,Braylee,Christina,,Emelia,,,Harleigh,,Jayda,Katalina,Lyric,Miracle,,,,,Rayna,Sierra,,,,,,,
Alyssa,Barbara,Coraline,,Eve,,,,,Jazmin,Kaliyah,Liana,Madeleine,,,,,Roselyn,Saige,,,,,,,
Ariel,Brittany,Chelsea,,Edith,,,,,Johanna,Karina,Leona,Makenna,,,,,Rosalia,Sasha,,,,,,,
Arabella,Belle,Cassandra,,Elliott,,,,,Janelle,Karsyn,Legacy,Maisie,,,,,Royal,Salem,,,,,,,
Alana,,Chaya,,Elisa,,,,,Journi,Kassidy,Lorelei,Mabel,,,,,Rayne,Skyla,,,,,,,
Amy,,Cadence,,Emmy,,,,,Jamie,Kara,Lorelai,Marlee,,,,,Ryann,Siena,,,,,,,
Alani,,Capri,,Elaine,,,,,Jessie,Karla,Lyra,Maren,,,,,Rebekah,Savanna,,,,,,,
Annabelle,,Calliope,,Erin,,,,,Janiyah,Kyra,Leyla,Maci,,,,,Rosalee,Sloan,,,,,,,
Aspen,,Chanel,,Emely,,,,,Jolie,Katelyn,Lennox,Maliyah,,,,,Rivka,Sunny,,,,,,,
Alexa,,Celia,,Emberly,,,,,Jaylah,Kimber,Lylah,Maddison,,,,,Raina,Saoirse,,,,,,,
Adelyn,,Chana,,Elliot,,,,,Joelle,Kamiyah,Leslie,Meadow,,,,,Ramona,Sevyn,,,,,,,
Ana,,Clare,,Ensley,,,,,Jazmine,Kenna,Liberty,Matilda,,,,,Rosalyn,Sylvie,,,,,,,
Alayna,,Crystal,,Emerie,,,,,Julissa,Kaydence,Lilian,Madelynn,,,,,Rylan,Selene,,,,,,,
Angela,,Cynthia,,Emmie,,,,,Jianna,Kinslee,Laney,Mira,,,,,Robin,Sky,,,,,,,
Alivia,,Cleo,,Ellis,,,,,Jaylin,Khaleesi,Liv,Malani,,,,,Raquel,Sariyah,,,,,,,
Adelaide,,Cara,,Elora,,,,,Judith,Kelly,Laurel,Maia,,,,,Raya,Scarlette,,,,,,,
Alayah,,Clarissa,,Ellianna,,,,,Jovie,Kaisley,Lina,Maryam,,,,,,Sariah,,,,,,,
Amira,,Carolyn,,Eileen,,,,,Jaylee,Keilani,Louise,Madilynn,,,,,,Scout,,,,,,,
Adaline,,Corinne,,Elodie,,,,,Jenesis,Kataleya,Lara,Macie,,,,,,Simone,,,,,,,
Annie,,Chandler,,Emmalyn,,,,,Jillian,Kallie,Lauryn,Monroe,,,,,,Samira,,,,,,,
Angelina,,,,Elyse,,,,,Jaycee,Kori,Lacey,Miranda,,,,,,Shay,,,,,,,
Adriana,,,,Ezra,,,,,Jaelynn,Kai,Lillie,Mikayla,,,,,,Stormi,,,,,,,
Alexis,,,,Estella,,,,,Joyce,Kynlee,Louisa,Mckinley,,,,,,,,,,,,,
Aniyah,,,,Estrella,,,,,,Kairi,Lea,Myra,,,,,,,,,,,,,
Amiyah,,,,Estelle,,,,,,Kamilah,Lyanna,Mallory,,,,,,,,,,,,,
Alexandria,,,,Ellen,,,,,,Karen,Laylah,Mae,,,,,,,,,,,,,
Amina,,,,Emmeline,,,,,,Kyleigh,Leilany,Meredith,,,,,,,,,,,,,
Amari,,,,Ellison,,,,,,Keyla,Livia,Macy,,,,,,,,,,,,,
Alaya,,,,Elsa,,,,,,Kailey,Linda,Marie,,,,,,,,,,,,,
Arielle,,,,Etta,,,,,,Keily,Lilianna,Malaysia,,,,,,,,,,,,,
Ainsley,,,,Egypt,,,,,,Karter,Landry,Mara,,,,,,,,,,,,,
Adelynn,,,,Esperanza,,,,,,Kiana,Lilyana,Mariam,,,,,,,,,,,,,
Amora,,,,Emerald,,,,,,Khalani,Leanna,Marilyn,,,,,,,,,,,,,
Aitana,,,,Emmaline,,,,,,Kaylie,Lexie,Megan,,,,,,,,,,,,,
Alessandra,,,,Elina,,,,,,Kenia,Layne,Milan,,,,,,,,,,,,,
Ariyah,,,,Emani,,,,,,Kamari,Loretta,Melany,,,,,,,,,,,,,
Anaya,,,,Elisabeth,,,,,,Kimora,Luella,Michaela,,,,,,,,,,,,,
Avianna,,,,Emmalynn,,,,,,Kaiya,Luisa,Melina,,,,,,,,,,,,,
Aylin,,,,,,,,,,,Laylani,Mina,,,,,,,,,,,,,
Ariah,,,,,,,,,,,,Malaya,,,,,,,,,,,,,
Alicia,,,,,,,,,,,,Milana,,,,,,,,,,,,,
Averie,,,,,,,,,,,,Monica,,,,,,,,,,,,,
Allie,,,,,,,,,,,,Marina,,,,,,,,,,,,,
Alison,,,,,,,,,,,,Marleigh,,,,,,,,,,,,,
Angel,,,,,,,,,,,,Madisyn,,,,,,,,,,,,,
Annalise,,,,,,,,,,,,Maxine,,,,,,,,,,,,,
Amanda,,,,,,,,,,,,Miley,,,,,,,,,,,,,
Astrid,,,,,,,,,,,,Mylah,,,,,,,,,,,,,
Addilyn,,,,,,,,,,,,Mikaela,,,,,,,,,,,,,
Azalea,,,,,,,,,,,,Margo,,,,,,,,,,,,,
Ari,,,,,,,,,,,,Martha,,,,,,,,,,,,,
Armani,,,,,,,,,,,,Madalyn,,,,,,,,,,,,,
Alessia,,,,,,,,,,,,Mercy,,,,,,,,,,,,,
Abby,,,,,,,,,,,,Milena,,,,,,,,,,,,,
Amber,,,,,,,,,,,,Marianna,,,,,,,,,,,,,
Aviana,,,,,,,,,,,,Mavis,,,,,,,,,,,,,
Alondra,,,,,,,,,,,,Maleah,,,,,,,,,,,,,
April,,,,,,,,,,,,Meghan,,,,,,,,,,,,,
Aurelia,,,,,,,,,,,,Meilani,,,,,,,,,,,,,
Aisha,,,,,,,,,,,,Marlowe,,,,,,,,,,,,,
Adelina,,,,,,,,,,,,Malayah,,,,,,,,,,,,,
Adley,,,,,,,,,,,,Murphy,,,,,,,,,,,,,
Ailani,,,,,,,,,,,,Marceline,,,,,,,,,,,,,
Alejandra,,,,,,,,,,,,Marisol,,,,,,,,,,,,,
Amirah,,,,,,,,,,,,Madalynn,,,,,,,,,,,,,
Antonella,,,,,,,,,,,,Melani,,,,,,,,,,,,,
Alanna,,,,,,,,,,,,Magdalena,,,,,,,,,,,,,
Amaia,,,,,,,,,,,,Mazikeen,,,,,,,,,,,,,
Alma,,,,,,,,,,,,,,,,,,,,,,,,,
Amalia,,,,,,,,,,,,,,,,,,,,,,,,,
Alia,,,,,,,,,,,,,,,,,,,,,,,,,
Angelica,,,,,,,,,,,,,,,,,,,,,,,,,
Ariya,,,,,,,,,,,,,,,,,,,,,,,,,
Aleah,,,,,,,,,,,,,,,,,,,,,,,,,
Aleena,,,,,,,,,,,,,,,,,,,,,,,,,
Alora,,,,,,,,,,,,,,,,,,,,,,,,,
Ashlyn,,,,,,,,,,,,,,,,,,,,,,,,,
Adrianna,,,,,,,,,,,,,,,,,,,,,,,,,
Anne,,,,,,,,,,,,,,,,,,,,,,,,,
Anahi,,,,,,,,,,,,,,,,,,,,,,,,,
Allyson,,,,,,,,,,,,,,,,,,,,,,,,,
Angie,,,,,,,,,,,,,,,,,,,,,,,,,
Avah,,,,,,,,,,,,,,,,,,,,,,,,,
Anya,,,,,,,,,,,,,,,,,,,,,,,,,
Amani,,,,,,,,,,,,,,,,,,,,,,,,,
Ashlynn,,,,,,,,,,,,,,,,,,,,,,,,,
Aliza,,,,,,,,,,,,,,,,,,,,,,,,,
Analia,,,,,,,,,,,,,,,,,,,,,,,,,
Alena,,,,,,,,,,,,,,,,,,,,,,,,,
Aileen,,,,,,,,,,,,,,,,,,,,,,,,,
Aliana,,,,,,,,,,,,,,,,,,,,,,,,,
Alexia,,,,,,,,,,,,,,,,,,,,,,,,,
Adalee,,,,,,,,,,,,,,,,,,,,,,,,,
Aubrie,,,,,,,,,,,,,,,,,,,,,,,,,
Anika,,,,,,,,,,,,,,,,,,,,,,,,,
Avalynn,,,,,,,,,,,,,,,,,,,,,,,,,
Averi,,,,,,,,,,,,,,,,,,,,,,,,,
Alaiya,,,,,,,,,,,,,,,,,,,,,,,,,
Aya,,,,,,,,,,,,,,,,,,,,,,,,,
Adele,,,,,,,,,,,,,,,,,,,,,,,,,
Aubrielle,,,,,,,,,,,,,,,,,,,,,,,,,
Addyson,,,,,,,,,,,,,,,,,,,,,,,,,
Amelie,,,,,,,,,,,,,,,,,,,,,,,,,
Andi,,,,,,,,,,,,,,,,,,,,,,,,,
Alianna,,,,,,,,,,,,,,,,,,,,,,,,,
Amoura,,,,,,,,,,,,,,,,,,,,,,,,,
Annika,,,,,,,,,,,,,,,,,,,,,,,,,
Aubriella,,,,,,,,,,,,,,,,,,,,,,,,,
Annabella,,,,,,,,,,,,,,,,,,,,,,,,,
Azariah,,,,,,,,,,,,,,,,,,,,,,,,,
August,,,,,,,,,,,,,,,,,,,,,,,,,
Aliya,,,,,,,,,,,,,,,,,,,,,,,,,
Aniya,,,,,,,,,,,,,,,,,,,,,,,,,
Ainhoa,,,,,,,,,,,,,,,,,,,,,,,,,
Amaris,,,,,,,,,,,,,,,,,,,,,,,,,
Addisyn,,,,,,,,,,,,,,,,,,,,,,,,,
Aspyn,,,,,,,,,,,,,,,,,,,,,,,,,
Aila,,,,,,,,,,,,,,,,,,,,,,,,,
Anais,,,,,,,,,,,,,,,,,,,,,,,,,
Alisson,,,,,,,,,,,,,,,,,,,,,,,,,
Addilynn,,,,,,,,,,,,,,,,,,,,,,,,,
Amayah,,,,,,,,,,,,,,,,,,,,,,,,,
Avayah,,,,,,,,,,,,,,,,,,,,,,,,,
Ansley,,,,,,,,,,,,,,,,,,,,,,,,,
Artemis,,,,,,,,,,,,,,,,,,,,,,,,,
Aislinn,,,,,,,,,,,,,,,,,,,,,,,,,
Ayleen,,,,,,,,,,,,,,,,,,,,,,,,,
Aarya,,,,,,,,,,,,,,,,,,,,,,,,,
Araceli,,,,,,,,,,,,,,,,,,,,,,,,,
